序号,文件名,朗读文本,语气提示,读音提示,场景,段落,引文,角色
1,chaimen_l0.mp3,乾隆五十年，仲春。你出北门桥西行，过红土桥，便到了小仓山下。,开场，平静舒展；括号里的年份不念,,01 柴门,正文,,旁白
2,chaimen_l1.mp3,过红土桥，即为随园，柴门向北。,原文，放慢，按标点断句,,01 柴门,正文,是,旁白
3,chaimen_l2.mp3,先生，客人到了！,朝园里喊，欢快,,01 柴门,正文,,书童
4,chaimen_l3.mp3,可算把你盼来了。门是柴门，园子却不小，你随我慢慢走。,见到老友，热络带笑,,01 柴门,正文,,袁枚
5,chaimen_q0.mp3,这园子为何叫“随园”？,好奇、客气,,01 柴门,提问1,,你（访客）
6,chaimen_a0_0.mp3,原是织造隋公的园子，人称隋园。我买下来，字音不改，只把意思换了。,,,01 柴门,回答1,,袁枚
7,chaimen_a0_1.mp3,随其高，为置江楼；随其下，为置溪亭；随其夹涧，为之桥；随其湍流，为之舟。,原文，放慢，按标点断句,为置 wèi；为之 wéi；湍 tuān；涧 jiàn,01 柴门,回答1,是,袁枚
8,chaimen_a0_2.mp3,地势高处便起楼，低处便筑亭，一切随它，所以叫随园。,,,01 柴门,回答1,,袁枚
9,chaimen_q1.mp3,门外怎么不见围墙？,好奇、客气,,01 柴门,提问2,,你（访客）
10,chaimen_a1_0.mp3,园子好看，总该让人看见。,随口一句，带点得意,,01 柴门,回答2,,袁枚
11,chaimen_a1_1.mp3,袁起所绘《随园图》中，随园不起墙垣，与山野相融。民国陈诒绂《金陵园墅志》记此园“四时皆花”，“游人不断”。,,诒绂 yí fú,01 柴门,回答2,,旁白
12,chaimen_o0.mp3,问其值，曰三百金，购以月俸。,原文，放慢，按标点断句,俸 fèng,01 柴门,收尾,是,袁枚
13,chaimen_o1.mp3,当年我做江宁知县，拿俸银三百两买下这座荒园。走吧。,笑着，起身引路,,01 柴门,收尾,,袁枚
14,zhujing_l0.mp3,入扉，缘短篱，穿修竹，行绿阴中，曲折通门。,原文，放慢，按标点断句,,02 竹径,正文,是,旁白
15,zhujing_l1.mp3,万竹立门外，一家藏绿阴。,原文，放慢，按标点断句,,02 竹径,正文,是,袁枚
16,zhujing_l2.mp3,客人留神，竹叶上还挂着露水。,清亮、恭敬,,02 竹径,正文,,书童
17,dayuan_l0.mp3,入大院，四桐隅立。面东为三楹，筦龠全园。,原文，放慢，按标点断句,筦龠 guǎn yuè；隅 yú；楹 yíng,03 大院 · 四桐,正文,是,旁白
18,dayuan_l1.mp3,这四棵梧桐，长得真齐整。,好奇、客气,长 zhǎng,03 大院 · 四桐,正文,,你（访客）
19,dayuan_l2.mp3,院子四角各一棵，到了夏天便是满院阴凉。这三间屋子朝东，是全园的枢纽，往哪里去都从这儿走。,,,03 大院 · 四桐,正文,,袁枚
20,dayuan_q0.mp3,您当初为何舍了官不做？,好奇、客气,舍 shě,03 大院 · 四桐,提问1,,你（访客）
21,dayuan_a0_0.mp3,使吾官于此，则月一至焉；使吾居于此，则日日至焉。二者不可得兼，舍官而取园者也。,原文，放慢，按标点断句,舍 shě；焉 yān,03 大院 · 四桐,回答1,是,袁枚
22,dayuan_a0_1.mp3,做着官，一个月才能来一回；住下来，天天都在。两样不能兼得，我便舍了官。,把上一句古文说成家常话,舍 shě,03 大院 · 四桐,回答1,,袁枚
23,dayuan_q1.mp3,这园子原先是什么样子？,好奇、客气,,03 大院 · 四桐,提问2,,你（访客）
24,dayuan_a1_0.mp3,园倾且颓弛，其室为酒肆……百卉芜谢，春风不能花。,原文，放慢，按标点断句,弛 chí；卉 huì,03 大院 · 四桐,回答2,是,袁枚
25,dayuan_a1_1.mp3,我接手时，屋子塌了一半，还开过酒馆，连春风都吹不开花。,带点感慨,,03 大院 · 四桐,回答2,,袁枚
26,shanfang_l0.mp3,这是小仓山房，我平日读书、会客都在这里。我的诗文集就叫《小仓山房集》。,,,04 小仓山房,正文,,袁枚
27,shanfang_l1.mp3,此地有崇山峻岭、茂林修竹；是能读三坟五典、八索九丘。,原文，放慢，按标点断句,坟 fén；索 suǒ,04 小仓山房,正文,是,旁白
28,shanfang_l2.mp3,上联借的是《兰亭序》，下联借的是《左传》。,略带考校的口气,,04 小仓山房,正文,,你（访客）
29,shanfang_l3.mp3,一句借王右军，一句借左丘明，凑在一处，倒也严丝合缝。,被说中，抚掌而笑,缝 fèng；倒 dào,04 小仓山房,正文,,袁枚
30,shucang_l0.mp3,聚书如聚谷，仓储苦不足。为藏万古人，多造三间屋。,原文，放慢，按标点断句,为藏 wèi cáng,05 书仓,正文,是,袁枚
31,shucang_l1.mp3,书一多，一间屋子就装不下了，我便按经、史、子、集分成四类，放在亭、轩、楼、阁四处。,,,05 书仓,正文,,袁枚
32,shucang_q0.mp3,一共藏了多少卷？,好奇、客气,,05 书仓,提问1,,你（访客）
33,shucang_a0_0.mp3,数不清了，四方朋友互相借抄，有无相通。,,,05 书仓,回答1,,袁枚
34,shucang_a0_1.mp3,后人记载随园藏书多达四十万卷。这个数字未见于袁枚自述，暂且存疑。,,,05 书仓,回答1,,旁白
35,shucang_q1.mp3,这些书您都读完了？,好奇、客气,,05 书仓,提问2,,你（访客）
36,shucang_a1_0.mp3,无问藏书者，几时君尽读。,原文，放慢，按标点断句,,05 书仓,回答2,是,袁枚
37,shucang_a1_1.mp3,这话可别问我。我倒常跟来借书的后生说：,自嘲,,05 书仓,回答2,,袁枚
38,shucang_a1_2.mp3,书非借不能读也。,点睛之句，稍作停顿再说,,05 书仓,回答2,是,袁枚
39,xiaomian_l0.mp3,走乏了，就到这间小眠斋歇歇脚。午后我常在这里打个盹。,慵懒一点,盹 dǔn,06 小眠斋,正文,,袁枚
40,xiaomian_l1.mp3,袁枚曾请画家罗聘，号两峰，为他画小像，嫌画得不像，题了一段诙谐的长跋，把画寄还给罗聘。两人交情并没有因此受损。,,还 huán；长 cháng；聘 pìn；诙 huī,06 小眠斋,正文,,旁白
41,tenghua_l0.mp3,这条廊子顺着山势往下走。再过些日子紫藤开花，整条廊子都是紫的。,边走边说,,07 藤花廊,正文,,袁枚
42,tenghua_l1.mp3,下雨天也能走遍园子了。,好奇、客气,,07 藤花廊,正文,,你（访客）
43,tenghua_l2.mp3,正是。雨天看园，又是一番景致。,,,07 藤花廊,正文,,袁枚
44,shishijie_l0.mp3,这里叫“诗世界”。,,,08 诗世界,正文,,袁枚
45,shishijie_l1.mp3,自三百篇至今日，凡诗之传者，都是性灵，不关堆垛。,原文，放慢，按标点断句,垛 duò,08 诗世界,正文,是,袁枚
46,shishijie_l2.mp3,这些年各地朋友寄来的好诗，我都一首首记下，打算编成一部诗话。,,,08 诗世界,正文,,袁枚
47,shishijie_q0.mp3,“性灵”是什么意思？,好奇、客气,,08 诗世界,提问1,,你（访客）
48,shishijie_a0_0.mp3,诗者，由情生者也，有必不可解之情，而后有必不可朽之诗。,原文，放慢，按标点断句,,08 诗世界,回答1,是,袁枚
49,shishijie_a0_1.mp3,写诗要写自己的真性情，不在堆砌典故。,,,08 诗世界,回答1,,袁枚
50,shishijie_q1.mp3,听说您收了不少女弟子？,好奇、客气,,08 诗世界,提问2,,你（访客）
51,shishijie_a1_0.mp3,闺中能诗的人多得很，只是没人替她们传名。,认真，替人不平,,08 诗世界,回答2,,袁枚
52,shishijie_a1_1.mp3,袁枚广收诗弟子，女弟子尤其多，《随园诗话》也选录了大量女诗人的作品，当时颇受卫道之士攻击。,,,08 诗世界,回答2,,旁白
53,shuanghu_l0.mp3,随其夹涧，为之桥；随其湍流，为之舟。,原文，放慢，按标点断句,为之 wéi；湍 tuān；涧 jiàn,09 双湖 · 渡鹤桥,正文,是,袁枚
54,shuanghu_l1.mp3,两片湖水之间夹着一道涧，就架一座桥；水面宽的地方，泊一条小船。,,,09 双湖 · 渡鹤桥,正文,,袁枚
55,shuanghu_l2.mp3,湖边那座小亭呢？,好奇、客气,,09 双湖 · 渡鹤桥,正文,,你（访客）
56,shuanghu_l3.mp3,随其下，为置溪亭。,原文，放慢，按标点断句,为置 wèi,09 双湖 · 渡鹤桥,正文,是,袁枚
57,shuanghu_l4.mp3,园中还有一方菡萏池。仲春时荷叶还没出水，要到夏天才是满池荷花。,,菡萏 hàn dàn,09 双湖 · 渡鹤桥,正文,,旁白
58,xiangxue_l0.mp3,你来晚了几日，梅花已经在落了。不过不要紧，杏花跟着就开。,略带惋惜，随即转为轻快,,10 香雪海,正文,,袁枚
59,xiangxue_l1.mp3,因园中四时皆花，益以虫鸟之音，雨雪之景，因之游人不断。,原文，放慢，按标点断句,,10 香雪海,正文,是,旁白
60,xiangxue_l2.mp3,一年到头都有人来逛，我也乐得有人一同看花。,,乐 lè,10 香雪海,正文,,袁枚
61,chuxia_l0.mp3,每食于某氏而饱，必使家厨往彼灶觚，执弟子之礼。,原文，放慢，按标点断句,觚 gū,11 厨下,正文,是,袁枚
62,chuxia_l1.mp3,在谁家吃到一道好菜，我就打发厨子到人家灶下拜师。这些年攒下的方子，正想整理成一部食单。,兴致勃勃,攒 zǎn,11 厨下,正文,,袁枚
63,chuxia_q0.mp3,做菜，您最看重什么？,好奇、客气,,11 厨下,提问1,,你（访客）
64,chuxia_a0_0.mp3,凡物各有先天，如人各有资禀。,原文，放慢，按标点断句,,11 厨下,回答1,是,袁枚
65,chuxia_a0_1.mp3,食材本身要好，厨子才有用武之地。,,,11 厨下,回答1,,袁枚
66,chuxia_q1.mp3,宴客总少不了燕窝吧？,好奇、客气,,11 厨下,提问2,,你（访客）
67,chuxia_a1_0.mp3,耳餐者，务名之谓也。贪贵物之名，夸敬客之意，是以耳餐，非口餐也。,原文，放慢，按标点断句,,11 厨下,回答2,是,袁枚
68,chuxia_a1_1.mp3,不知豆腐得味，远胜燕窝。,原文，放慢，按标点断句,,11 厨下,回答2,是,袁枚
69,chuxia_o0.mp3,可我书斋里偏又自题了一联：,压低声音，像说个秘密,,11 厨下,收尾,,袁枚
70,chuxia_o1.mp3,无求便是安心法；不饱真为却病方。,原文，放慢，按标点断句,,11 厨下,收尾,是,袁枚
71,chuxia_o2.mp3,您这是嘴上讲养生，灶上讲口福。,笑着打趣,,11 厨下,收尾,,你（访客）
72,nanlou_l0.mp3,你们登上南楼，推开窗子。,推窗，语气放开,,12 南楼,正文,,旁白
73,nanlou_l1.mp3,登小仓山，诸景隆然上浮。凡江湖之大，云烟之变，非山之所有者，皆山之所有也。,原文，放慢，按标点断句,,12 南楼,正文,是,袁枚
74,nanlou_l2.mp3,那道青影是钟山，孝陵就在山南。,边指边说，节奏舒展,,12 南楼,正文,,袁枚
75,nanlou_l3.mp3,往东北是鸡鸣寺，寺后便是后湖。,边指边说,,12 南楼,正文,,袁枚
76,nanlou_l4.mp3,西边是清凉山，我这小仓山就是从它分出来的。,边指边说,,12 南楼,正文,,袁枚
77,nanlou_l5.mp3,西南那片水是莫愁湖。,边指边说,,12 南楼,正文,,袁枚
78,nanlou_l6.mp3,南边那座塔，就是报恩寺的琉璃塔。天晴的时候，塔上的琉璃晃得人睁不开眼。,带点骄傲,晃 huǎng,12 南楼,正文,,袁枚
79,nanlou_l7.mp3,塔后那一片高岗，是雨花台。,边指边说,岗 gǎng,12 南楼,正文,,袁枚
80,nanlou_l8.mp3,金陵的名胜，站在这一座楼上就全看到了。,由衷感叹,,12 南楼,正文,,你（访客）
81,nanlou_l9.mp3,余竟以一官易此园，园之奇，可以见矣。,全篇情绪最高处，从容不张扬,余 yú,12 南楼,正文,是,袁枚
82,mubie_l0.mp3,先生，天黑了，灯笼点上了。,轻声提醒,,13 暮别,正文,,书童
83,mubie_l1.mp3,路上仔细。下回再来，正赶上紫藤开花。,殷勤叮嘱,,13 暮别,正文,,袁枚
84,mubie_l2.mp3,这园子，百年以后还会在吗？,迟疑地问,,13 暮别,正文,,你（访客）
85,mubie_l3.mp3,然则余之仕与不仕，与居兹园之久与不久，亦随之而已。,淡然，略带怅惘，放慢,余 yú，仕 shì；兹 zī,13 暮别,正文,是,袁枚
86,mubie_l4.mp3,后来的事，袁枚没有看到。,停一拍再说，轻,,13 暮别,正文,,旁白
87,epi0_t.mp3,嘉庆二年。袁枚在随园病逝，终年八十二岁。临终前他嘱咐儿子：,,咐 fu（轻声）,14 尾声 · 随园之后,1797 嘉庆二年,,旁白
88,epi0_q.mp3,能洒扫光鲜，照旧庋置，使宾客来者见依然如我尚存，如此撑持三十年。,引文，放慢,庋 guǐ；持 chí,14 尾声 · 随园之后,1797 嘉庆二年,是,旁白
89,epi0_a.mp3,袁家后人实际守了这座园子六十余年。,,,14 尾声 · 随园之后,1797 嘉庆二年,,旁白
90,epi1_t.mp3,咸丰三年。太平军攻占南京，定都天京。此后，占地二百二十余亩的随园被平垦为田，亭台楼阁荡然无存。三年后，南楼上望见的那座琉璃塔也毁于战火。,,为田 wéi,14 尾声 · 随园之后,1853 咸丰三年,,旁白
91,epi2_t.mp3,同治四年。袁枚的族孙袁起依据史料和记忆，用近乎白描的笔法画成《随园图》，今藏南京博物院。袁家想过重建，终因财力不足，只在袁枚墓旁修了一座祠堂。从此，随园只存在于画中。,,,14 尾声 · 随园之后,1865 同治四年,,旁白
92,epi3_t.mp3,到了民国。一九二三年，金陵女子大学在随园旧址建永久校址。一九三五年，南京辟建广州路等道路，征用遗址土地四十亩，后人所立的随园纪念石碑也被拆除。,,,14 尾声 · 随园之后,1923–1935 民国,,旁白
93,epi4_t.mp3,一九七四年。修建五台山体育设施时，袁枚墓被清理。,,,14 尾声 · 随园之后,1974,,旁白
94,epi4_q.mp3,至此偌大金陵城，再无袁枚一砖一瓦。,全片最后一句，放慢，收住,偌 ruò,14 尾声 · 随园之后,1974,是,旁白
