序号,文件名,朗读文本,语气提示,读音提示,场景,段落,引文
1,chaimen_l0.mp3,乾隆五十年，仲春。你出北门桥西行，过红土桥，便到了小仓山下。,开场，平静舒展；括号里的年份不念,,01 柴门,正文,
2,chaimen_l1.mp3,过红土桥，即为随园，柴门向北。,原文，放慢，按标点断句,,01 柴门,正文,是
3,chaimen_a1_1.mp3,袁起所绘《随园图》中，随园不起墙垣，与山野相融。民国陈诒绂《金陵园墅志》记此园“四时皆花”，“游人不断”。,,诒绂 yí fú,01 柴门,回答2,
4,zhujing_l0.mp3,入扉，缘短篱，穿修竹，行绿阴中，曲折通门。,原文，放慢，按标点断句,,02 竹径,正文,是
5,dayuan_l0.mp3,入大院，四桐隅立。面东为三楹，筦龠全园。,原文，放慢，按标点断句,筦龠 guǎn yuè；隅 yú；楹 yíng,03 大院 · 四桐,正文,是
6,shanfang_l1.mp3,此地有崇山峻岭、茂林修竹；是能读三坟五典、八索九丘。,原文，放慢，按标点断句,坟 fén；索 suǒ,04 小仓山房,正文,是
7,shucang_a0_1.mp3,后人记载随园藏书多达四十万卷。这个数字未见于袁枚自述，暂且存疑。,,,05 书仓,回答1,
8,xiaomian_l1.mp3,袁枚曾请画家罗聘，号两峰，为他画小像，嫌画得不像，题了一段诙谐的长跋，把画寄还给罗聘。两人交情并没有因此受损。,,还 huán；长 cháng；聘 pìn；诙 huī,06 小眠斋,正文,
9,shishijie_a1_1.mp3,袁枚广收诗弟子，女弟子尤其多，《随园诗话》也选录了大量女诗人的作品，当时颇受卫道之士攻击。,,,08 诗世界,回答2,
10,shuanghu_l4.mp3,园中还有一方菡萏池。仲春时荷叶还没出水，要到夏天才是满池荷花。,,菡萏 hàn dàn,09 双湖 · 渡鹤桥,正文,
11,xiangxue_l1.mp3,因园中四时皆花，益以虫鸟之音，雨雪之景，因之游人不断。,原文，放慢，按标点断句,,10 香雪海,正文,是
12,nanlou_l0.mp3,你们登上南楼，推开窗子。,推窗，语气放开,,12 南楼,正文,
13,mubie_l4.mp3,后来的事，袁枚没有看到。,停一拍再说，轻,,13 暮别,正文,
14,epi0_t.mp3,嘉庆二年。袁枚在随园病逝，终年八十二岁。临终前他嘱咐儿子：,,咐 fu（轻声）,14 尾声 · 随园之后,1797 嘉庆二年,
15,epi0_q.mp3,能洒扫光鲜，照旧庋置，使宾客来者见依然如我尚存，如此撑持三十年。,引文，放慢,庋 guǐ；持 chí,14 尾声 · 随园之后,1797 嘉庆二年,是
16,epi0_a.mp3,袁家后人实际守了这座园子六十余年。,,,14 尾声 · 随园之后,1797 嘉庆二年,
17,epi1_t.mp3,咸丰三年。太平军攻占南京，定都天京。此后，占地二百二十余亩的随园被平垦为田，亭台楼阁荡然无存。三年后，南楼上望见的那座琉璃塔也毁于战火。,,为田 wéi,14 尾声 · 随园之后,1853 咸丰三年,
18,epi2_t.mp3,同治四年。袁枚的族孙袁起依据史料和记忆，用近乎白描的笔法画成《随园图》，今藏南京博物院。袁家想过重建，终因财力不足，只在袁枚墓旁修了一座祠堂。从此，随园只存在于画中。,,,14 尾声 · 随园之后,1865 同治四年,
19,epi3_t.mp3,到了民国。一九二三年，金陵女子大学在随园旧址建永久校址。一九三五年，南京辟建广州路等道路，征用遗址土地四十亩，后人所立的随园纪念石碑也被拆除。,,,14 尾声 · 随园之后,1923–1935 民国,
20,epi4_t.mp3,一九七四年。修建五台山体育设施时，袁枚墓被清理。,,,14 尾声 · 随园之后,1974,
21,epi4_q.mp3,至此偌大金陵城，再无袁枚一砖一瓦。,全片最后一句，放慢，收住,偌 ruò,14 尾声 · 随园之后,1974,是
